{
  "__inputs": [
    {
      "name": "DS_CLOUDWATCH",
      "label": "CloudWatch",
      "description": "",
      "type": "datasource",
      "pluginId": "cloudwatch",
      "pluginName": "CloudWatch"
    },
    {
      "name": "DS_CLOUDWATCH",
      "label": "CloudWatch",
      "description": "",
      "type": "datasource",
      "pluginId": "cloudwatch",
      "pluginName": "CloudWatch"
    }
  ],
  "__requires": [
    {
      "type": "datasource",
      "id": "cloudwatch",
      "name": "CloudWatch",
      "version": "1.0.0"
    },
    {
      "type": "grafana",
      "id": "grafana",
      "name": "Grafana",
      "version": "6.6.0-pre"
    },
    {
      "type": "panel",
      "id": "graph",
      "name": "Graph",
      "version": ""
    },
    {
      "type": "panel",
      "id": "text",
      "name": "Text",
      "version": ""
    }
  ],
  "annotations": {
    "list": [
      {
        "builtIn": 1,
        "datasource": "-- Grafana --",
        "enable": true,
        "hide": true,
        "iconColor": "rgba(0, 211, 255, 1)",
        "name": "Annotations & Alerts",
        "type": "dashboard"
      }
    ]
  },
  "description": "Visualize Amazon EC2 metrics",
  "editable": true,
  "gnetId": 11265,
  "graphTooltip": 0,
  "id": null,
  "iteration": 1574322183934,
  "links": [],
  "panels": [
    {
      "collapsed": false,
      "datasource": "${DS_CLOUDWATCH}",
      "gridPos": {
        "h": 1,
        "w": 24,
        "x": 0,
        "y": 0
      },
      "id": 14,
      "panels": [],
      "title": "Overview",
      "type": "row"
    },
    {
      "aliasColors": {},
      "bars": false,
      "dashLength": 10,
      "dashes": false,
      "datasource": "$datasource",
      "fill": 1,
      "fillGradient": 0,
      "gridPos": {
        "h": 8,
        "w": 24,
        "x": 0,
        "y": 1
      },
      "hiddenSeries": false,
      "id": 2,
      "legend": {
        "alignAsTable": true,
        "avg": true,
        "current": false,
        "max": false,
        "min": false,
        "rightSide": true,
        "show": true,
        "sort": "avg",
        "sortDesc": true,
        "total": false,
        "values": true
      },
      "lines": true,
      "linewidth": 1,
      "nullPointMode": "connected",
      "options": {
        "dataLinks": []
      },
      "percentage": false,
      "pointradius": 2,
      "points": false,
      "renderer": "flot",
      "seriesOverrides": [],
      "spaceLength": 10,
      "stack": false,
      "steppedLine": false,
      "targets": [
        {
          "alias": "",
          "dimensions": {
            "InstanceId": "*"
          },
          "expression": "",
          "id": "",
          "matchExact": true,
          "metricName": "CPUUtilization",
          "namespace": "AWS/EC2",
          "period": "$period",
          "refId": "B",
          "region": "$region",
          "statistics": [
            "Maximum"
          ]
        }
      ],
      "thresholds": [],
      "timeFrom": null,
      "timeRegions": [],
      "timeShift": null,
      "title": "CPU utilization per instance [max %]",
      "tooltip": {
        "shared": true,
        "sort": 0,
        "value_type": "individual"
      },
      "type": "graph",
      "xaxis": {
        "buckets": null,
        "mode": "time",
        "name": null,
        "show": true,
        "values": []
      },
      "yaxes": [
        {
          "decimals": null,
          "format": "percent",
          "label": "",
          "logBase": 1,
          "max": "100",
          "min": "0",
          "show": true
        },
        {
          "format": "short",
          "label": null,
          "logBase": 1,
          "max": null,
          "min": null,
          "show": true
        }
      ],
      "yaxis": {
        "align": false,
        "alignLevel": null
      }
    },
    {
      "aliasColors": {},
      "bars": false,
      "dashLength": 10,
      "dashes": false,
      "datasource": "$datasource",
      "fill": 1,
      "fillGradient": 0,
      "gridPos": {
        "h": 9,
        "w": 24,
        "x": 0,
        "y": 9
      },
      "hiddenSeries": false,
      "id": 7,
      "legend": {
        "alignAsTable": false,
        "avg": false,
        "current": false,
        "max": false,
        "min": false,
        "show": false,
        "total": false,
        "values": false
      },
      "lines": true,
      "linewidth": 1,
      "nullPointMode": "connected",
      "options": {
        "dataLinks": []
      },
      "percentage": false,
      "pointradius": 2,
      "points": false,
      "renderer": "flot",
      "seriesOverrides": [
        {
          "alias": "Inbound",
          "transform": "negative-Y"
        }
      ],
      "spaceLength": 10,
      "stack": false,
      "steppedLine": false,
      "targets": [
        {
          "alias": "Inbound",
          "dimensions": {
            "InstanceId": "*"
          },
          "expression": "SUM(REMOVE_EMPTY(SEARCH('{AWS/EC2,InstanceId} MetricName=\"NetworkIn\"', 'Sum', $period)))/$period",
          "id": "",
          "matchExact": true,
          "metricName": "NetworkOut",
          "namespace": "AWS/EC2",
          "period": "$period",
          "refId": "B",
          "region": "$region",
          "statistics": [
            "Average"
          ]
        },
        {
          "alias": "Outbound",
          "dimensions": {
            "InstanceId": "*"
          },
          "expression": "SUM(REMOVE_EMPTY(SEARCH('{AWS/EC2,InstanceId} MetricName=\"NetworkOut\"', 'Sum', $period)))/$period",
          "id": "",
          "matchExact": true,
          "metricName": "NetworkOut",
          "namespace": "AWS/EC2",
          "period": "$period",
          "refId": "C",
          "region": "$region",
          "statistics": [
            "Average"
          ]
        }
      ],
      "thresholds": [],
      "timeFrom": null,
      "timeRegions": [],
      "timeShift": null,
      "title": "Total network traffic outbound (+) and inbound (-) [bytes/sec]",
      "tooltip": {
        "shared": true,
        "sort": 0,
        "value_type": "individual"
      },
      "type": "graph",
      "xaxis": {
        "buckets": null,
        "mode": "time",
        "name": null,
        "show": true,
        "values": []
      },
      "yaxes": [
        {
          "format": "short",
          "label": null,
          "logBase": 1,
          "max": null,
          "min": null,
          "show": true
        },
        {
          "format": "short",
          "label": null,
          "logBase": 1,
          "max": null,
          "min": "0",
          "show": true
        }
      ],
      "yaxis": {
        "align": false,
        "alignLevel": null
      }
    },
    {
      "collapsed": true,
      "datasource": "${DS_CLOUDWATCH}",
      "gridPos": {
        "h": 1,
        "w": 24,
        "x": 0,
        "y": 18
      },
      "id": 16,
      "panels": [
        {
          "aliasColors": {},
          "bars": false,
          "dashLength": 10,
          "dashes": false,
          "datasource": "$datasource",
          "fill": 1,
          "fillGradient": 0,
          "gridPos": {
            "h": 9,
            "w": 12,
            "x": 0,
            "y": 19
          },
          "hiddenSeries": false,
          "id": 17,
          "legend": {
            "alignAsTable": false,
            "avg": false,
            "current": false,
            "max": false,
            "min": false,
            "rightSide": true,
            "show": true,
            "total": false,
            "values": false
          },
          "lines": true,
          "linewidth": 1,
          "nullPointMode": "connected",
          "options": {
            "dataLinks": []
          },
          "percentage": false,
          "pointradius": 2,
          "points": false,
          "renderer": "flot",
          "seriesOverrides": [],
          "spaceLength": 10,
          "stack": false,
          "steppedLine": false,
          "targets": [
            {
              "alias": "",
              "dimensions": {
                "InstanceId": "*"
              },
              "expression": "REMOVE_EMPTY(SEARCH('{AWS/EC2,InstanceId} MetricName=\"NetworkIn\"', 'Sum', $period))/$period",
              "id": "",
              "matchExact": true,
              "metricName": "NetworkIn",
              "namespace": "AWS/EC2",
              "period": "$period",
              "refId": "A",
              "region": "$region",
              "statistics": [
                "Sum"
              ]
            }
          ],
          "thresholds": [],
          "timeFrom": null,
          "timeRegions": [],
          "timeShift": null,
          "title": "Inbound network traffic per instance [bytes/sec]",
          "tooltip": {
            "shared": true,
            "sort": 0,
            "value_type": "individual"
          },
          "type": "graph",
          "xaxis": {
            "buckets": null,
            "mode": "time",
            "name": null,
            "show": true,
            "values": []
          },
          "yaxes": [
            {
              "format": "short",
              "label": null,
              "logBase": 1,
              "max": null,
              "min": "0",
              "show": true
            },
            {
              "format": "short",
              "label": null,
              "logBase": 1,
              "max": null,
              "min": null,
              "show": true
            }
          ],
          "yaxis": {
            "align": false,
            "alignLevel": null
          }
        },
        {
          "aliasColors": {},
          "bars": false,
          "dashLength": 10,
          "dashes": false,
          "datasource": "$datasource",
          "fill": 1,
          "fillGradient": 0,
          "gridPos": {
            "h": 9,
            "w": 12,
            "x": 12,
            "y": 19
          },
          "hiddenSeries": false,
          "id": 18,
          "legend": {
            "alignAsTable": false,
            "avg": false,
            "current": false,
            "max": false,
            "min": false,
            "rightSide": true,
            "show": true,
            "total": false,
            "values": false
          },
          "lines": true,
          "linewidth": 1,
          "nullPointMode": "connected",
          "options": {
            "dataLinks": []
          },
          "percentage": false,
          "pointradius": 2,
          "points": false,
          "renderer": "flot",
          "seriesOverrides": [],
          "spaceLength": 10,
          "stack": false,
          "steppedLine": false,
          "targets": [
            {
              "alias": "",
              "dimensions": {
                "InstanceId": "*"
              },
              "expression": "REMOVE_EMPTY(SEARCH('{AWS/EC2,InstanceId} MetricName=\"NetworkOut\"', 'Sum', $period))/$period",
              "id": "",
              "matchExact": true,
              "metricName": "NetworkIn",
              "namespace": "AWS/EC2",
              "period": "$period",
              "refId": "A",
              "region": "$region",
              "statistics": [
                "Sum"
              ]
            }
          ],
          "thresholds": [],
          "timeFrom": null,
          "timeRegions": [],
          "timeShift": null,
          "title": "Outbound network traffic per instance [bytes/sec]",
          "tooltip": {
            "shared": true,
            "sort": 0,
            "value_type": "individual"
          },
          "type": "graph",
          "xaxis": {
            "buckets": null,
            "mode": "time",
            "name": null,
            "show": true,
            "values": []
          },
          "yaxes": [
            {
              "format": "short",
              "label": null,
              "logBase": 1,
              "max": null,
              "min": "0",
              "show": true
            },
            {
              "format": "short",
              "label": null,
              "logBase": 1,
              "max": null,
              "min": null,
              "show": true
            }
          ],
          "yaxis": {
            "align": false,
            "alignLevel": null
          }
        },
        {
          "aliasColors": {},
          "bars": false,
          "dashLength": 10,
          "dashes": false,
          "datasource": "$datasource",
          "fill": 1,
          "fillGradient": 0,
          "gridPos": {
            "h": 9,
            "w": 12,
            "x": 0,
            "y": 28
          },
          "hiddenSeries": false,
          "id": 9,
          "legend": {
            "alignAsTable": false,
            "avg": false,
            "current": false,
            "max": false,
            "min": false,
            "rightSide": true,
            "show": true,
            "total": false,
            "values": false
          },
          "lines": true,
          "linewidth": 1,
          "nullPointMode": "connected",
          "options": {
            "dataLinks": []
          },
          "percentage": false,
          "pointradius": 2,
          "points": false,
          "renderer": "flot",
          "seriesOverrides": [],
          "spaceLength": 10,
          "stack": false,
          "steppedLine": false,
          "targets": [
            {
              "alias": "",
              "dimensions": {
                "InstanceId": "*"
              },
              "expression": "REMOVE_EMPTY(SEARCH('{AWS/EC2,InstanceId} MetricName=\"NetworkPacketsIn\"', 'Sum', $period))/$period",
              "id": "",
              "matchExact": true,
              "metricName": "NetworkPacketsIn",
              "namespace": "AWS/EC2",
              "period": "$period",
              "refId": "A",
              "region": "$region",
              "statistics": [
                "Sum"
              ]
            }
          ],
          "thresholds": [],
          "timeFrom": null,
          "timeRegions": [],
          "timeShift": null,
          "title": "Inbound network packets per instance [IOPS]",
          "tooltip": {
            "shared": true,
            "sort": 0,
            "value_type": "individual"
          },
          "type": "graph",
          "xaxis": {
            "buckets": null,
            "mode": "time",
            "name": null,
            "show": true,
            "values": []
          },
          "yaxes": [
            {
              "format": "short",
              "label": null,
              "logBase": 1,
              "max": null,
              "min": "0",
              "show": true
            },
            {
              "format": "short",
              "label": null,
              "logBase": 1,
              "max": null,
              "min": null,
              "show": true
            }
          ],
          "yaxis": {
            "align": false,
            "alignLevel": null
          }
        },
        {
          "aliasColors": {},
          "bars": false,
          "dashLength": 10,
          "dashes": false,
          "datasource": "$datasource",
          "fill": 1,
          "fillGradient": 0,
          "gridPos": {
            "h": 9,
            "w": 12,
            "x": 12,
            "y": 28
          },
          "hiddenSeries": false,
          "id": 19,
          "legend": {
            "alignAsTable": false,
            "avg": false,
            "current": false,
            "max": false,
            "min": false,
            "rightSide": true,
            "show": true,
            "total": false,
            "values": false
          },
          "lines": true,
          "linewidth": 1,
          "nullPointMode": "connected",
          "options": {
            "dataLinks": []
          },
          "percentage": false,
          "pointradius": 2,
          "points": false,
          "renderer": "flot",
          "seriesOverrides": [],
          "spaceLength": 10,
          "stack": false,
          "steppedLine": false,
          "targets": [
            {
              "alias": "",
              "dimensions": {
                "InstanceId": "*"
              },
              "expression": "REMOVE_EMPTY(SEARCH('{AWS/EC2,InstanceId} MetricName=\"NetworkPacketsOut\"', 'Sum', $period))/$period",
              "id": "",
              "matchExact": true,
              "metricName": "NetworkPacketsIn",
              "namespace": "AWS/EC2",
              "period": "$period",
              "refId": "A",
              "region": "$region",
              "statistics": [
                "Sum"
              ]
            }
          ],
          "thresholds": [],
          "timeFrom": null,
          "timeRegions": [],
          "timeShift": null,
          "title": "Outbound network packets per instance [IOPS]",
          "tooltip": {
            "shared": true,
            "sort": 0,
            "value_type": "individual"
          },
          "type": "graph",
          "xaxis": {
            "buckets": null,
            "mode": "time",
            "name": null,
            "show": true,
            "values": []
          },
          "yaxes": [
            {
              "format": "short",
              "label": null,
              "logBase": 1,
              "max": null,
              "min": "0",
              "show": true
            },
            {
              "format": "short",
              "label": null,
              "logBase": 1,
              "max": null,
              "min": null,
              "show": true
            }
          ],
          "yaxis": {
            "align": false,
            "alignLevel": null
          }
        }
      ],
      "title": "Network details",
      "type": "row"
    },
    {
      "collapsed": true,
      "datasource": "${DS_CLOUDWATCH}",
      "gridPos": {
        "h": 1,
        "w": 24,
        "x": 0,
        "y": 19
      },
      "id": 21,
      "panels": [
        {
          "content": "",
          "datasource": "${DS_CLOUDWATCH}",
          "gridPos": {
            "h": 1,
            "w": 24,
            "x": 0,
            "y": 38
          },
          "id": 30,
          "mode": "markdown",
          "options": {},
          "timeFrom": null,
          "timeShift": null,
          "title": "The following metrics are reported for EC2 Instance Store Volumes. For Amazon EBS volumes, see the EBS dashboard.",
          "type": "text"
        },
        {
          "aliasColors": {},
          "bars": false,
          "dashLength": 10,
          "dashes": false,
          "datasource": "$datasource",
          "fill": 1,
          "fillGradient": 0,
          "gridPos": {
            "h": 9,
            "w": 12,
            "x": 0,
            "y": 39
          },
          "hiddenSeries": false,
          "id": 3,
          "legend": {
            "alignAsTable": false,
            "avg": false,
            "current": false,
            "max": false,
            "min": false,
            "rightSide": true,
            "show": true,
            "total": false,
            "values": false
          },
          "lines": true,
          "linewidth": 1,
          "nullPointMode": "null as zero",
          "options": {
            "dataLinks": []
          },
          "percentage": false,
          "pointradius": 2,
          "points": false,
          "renderer": "flot",
          "seriesOverrides": [],
          "spaceLength": 10,
          "stack": false,
          "steppedLine": true,
          "targets": [
            {
              "alias": "{{label}}",
              "dimensions": {
                "InstanceId": "*"
              },
              "expression": "REMOVE_EMPTY(SEARCH('{AWS/EC2,InstanceId} MetricName=\"DiskReadBytes\"', 'Sum', $period))/$period",
              "id": "",
              "matchExact": true,
              "metricName": "DiskReadBytes",
              "namespace": "AWS/EC2",
              "period": "$period",
              "refId": "A",
              "region": "$region",
              "statistics": [
                "Sum"
              ]
            }
          ],
          "thresholds": [],
          "timeFrom": null,
          "timeRegions": [],
          "timeShift": null,
          "title": "Disk READ per instance [bytes/sec]",
          "tooltip": {
            "shared": true,
            "sort": 0,
            "value_type": "individual"
          },
          "type": "graph",
          "xaxis": {
            "buckets": null,
            "mode": "time",
            "name": null,
            "show": true,
            "values": []
          },
          "yaxes": [
            {
              "format": "short",
              "label": null,
              "logBase": 1,
              "max": null,
              "min": "0",
              "show": true
            },
            {
              "format": "short",
              "label": null,
              "logBase": 1,
              "max": null,
              "min": null,
              "show": true
            }
          ],
          "yaxis": {
            "align": false,
            "alignLevel": null
          }
        },
        {
          "aliasColors": {},
          "bars": false,
          "dashLength": 10,
          "dashes": false,
          "datasource": "$datasource",
          "fill": 1,
          "fillGradient": 0,
          "gridPos": {
            "h": 9,
            "w": 12,
            "x": 12,
            "y": 39
          },
          "hiddenSeries": false,
          "id": 22,
          "legend": {
            "alignAsTable": false,
            "avg": false,
            "current": false,
            "max": false,
            "min": false,
            "rightSide": true,
            "show": true,
            "total": false,
            "values": false
          },
          "lines": true,
          "linewidth": 1,
          "nullPointMode": "null as zero",
          "options": {
            "dataLinks": []
          },
          "percentage": false,
          "pointradius": 2,
          "points": false,
          "renderer": "flot",
          "seriesOverrides": [],
          "spaceLength": 10,
          "stack": false,
          "steppedLine": true,
          "targets": [
            {
              "alias": "{{label}}",
              "dimensions": {
                "InstanceId": "*"
              },
              "expression": "REMOVE_EMPTY(SEARCH('{AWS/EC2,InstanceId} MetricName=\"DiskWriteBytes\"', 'Sum', $period))/$period",
              "id": "",
              "matchExact": true,
              "metricName": "DiskReadBytes",
              "namespace": "AWS/EC2",
              "period": "$period",
              "refId": "A",
              "region": "$region",
              "statistics": [
                "Sum"
              ]
            }
          ],
          "thresholds": [],
          "timeFrom": null,
          "timeRegions": [],
          "timeShift": null,
          "title": "Disk WRITE per instance [bytes/sec]",
          "tooltip": {
            "shared": true,
            "sort": 0,
            "value_type": "individual"
          },
          "type": "graph",
          "xaxis": {
            "buckets": null,
            "mode": "time",
            "name": null,
            "show": true,
            "values": []
          },
          "yaxes": [
            {
              "format": "short",
              "label": null,
              "logBase": 1,
              "max": null,
              "min": "0",
              "show": true
            },
            {
              "format": "short",
              "label": null,
              "logBase": 1,
              "max": null,
              "min": null,
              "show": true
            }
          ],
          "yaxis": {
            "align": false,
            "alignLevel": null
          }
        },
        {
          "aliasColors": {},
          "bars": false,
          "dashLength": 10,
          "dashes": false,
          "datasource": "$datasource",
          "fill": 1,
          "fillGradient": 0,
          "gridPos": {
            "h": 9,
            "w": 12,
            "x": 0,
            "y": 48
          },
          "hiddenSeries": false,
          "id": 24,
          "legend": {
            "alignAsTable": false,
            "avg": false,
            "current": false,
            "max": false,
            "min": false,
            "rightSide": true,
            "show": true,
            "total": false,
            "values": false
          },
          "lines": true,
          "linewidth": 1,
          "nullPointMode": "null as zero",
          "options": {
            "dataLinks": []
          },
          "percentage": false,
          "pointradius": 2,
          "points": false,
          "renderer": "flot",
          "seriesOverrides": [],
          "spaceLength": 10,
          "stack": false,
          "steppedLine": true,
          "targets": [
            {
              "alias": "{{label}}",
              "dimensions": {
                "InstanceId": "*"
              },
              "expression": "REMOVE_EMPTY(SEARCH('{AWS/EC2,InstanceId} MetricName=\"DiskReadOps\"', 'Sum', $period))/$period",
              "id": "",
              "matchExact": true,
              "metricName": "DiskReadBytes",
              "namespace": "AWS/EC2",
              "period": "$period",
              "refId": "A",
              "region": "$region",
              "statistics": [
                "Sum"
              ]
            }
          ],
          "thresholds": [],
          "timeFrom": null,
          "timeRegions": [],
          "timeShift": null,
          "title": "Disk READ per instance [IOPS]",
          "tooltip": {
            "shared": true,
            "sort": 0,
            "value_type": "individual"
          },
          "type": "graph",
          "xaxis": {
            "buckets": null,
            "mode": "time",
            "name": null,
            "show": true,
            "values": []
          },
          "yaxes": [
            {
              "format": "short",
              "label": null,
              "logBase": 1,
              "max": null,
              "min": "0",
              "show": true
            },
            {
              "format": "short",
              "label": null,
              "logBase": 1,
              "max": null,
              "min": null,
              "show": true
            }
          ],
          "yaxis": {
            "align": false,
            "alignLevel": null
          }
        },
        {
          "aliasColors": {},
          "bars": false,
          "dashLength": 10,
          "dashes": false,
          "datasource": "$datasource",
          "description": "",
          "fill": 1,
          "fillGradient": 0,
          "gridPos": {
            "h": 9,
            "w": 12,
            "x": 12,
            "y": 48
          },
          "hiddenSeries": false,
          "id": 23,
          "legend": {
            "alignAsTable": false,
            "avg": false,
            "current": false,
            "max": false,
            "min": false,
            "rightSide": true,
            "show": true,
            "total": false,
            "values": false
          },
          "lines": true,
          "linewidth": 1,
          "nullPointMode": "null as zero",
          "options": {
            "dataLinks": []
          },
          "percentage": false,
          "pointradius": 2,
          "points": false,
          "renderer": "flot",
          "seriesOverrides": [],
          "spaceLength": 10,
          "stack": false,
          "steppedLine": true,
          "targets": [
            {
              "alias": "{{label}}",
              "dimensions": {
                "InstanceId": "*"
              },
              "expression": "REMOVE_EMPTY(SEARCH('{AWS/EC2,InstanceId} MetricName=\"DiskWriteOps\"', 'Sum', $period))/$period",
              "id": "",
              "matchExact": true,
              "metricName": "DiskReadBytes",
              "namespace": "AWS/EC2",
              "period": "$period",
              "refId": "A",
              "region": "$region",
              "statistics": [
                "Sum"
              ]
            }
          ],
          "thresholds": [],
          "timeFrom": null,
          "timeRegions": [],
          "timeShift": null,
          "title": "Disk WRITE per instance [IOPS]",
          "tooltip": {
            "shared": true,
            "sort": 0,
            "value_type": "individual"
          },
          "type": "graph",
          "xaxis": {
            "buckets": null,
            "mode": "time",
            "name": null,
            "show": true,
            "values": []
          },
          "yaxes": [
            {
              "format": "short",
              "label": null,
              "logBase": 1,
              "max": null,
              "min": "0",
              "show": true
            },
            {
              "format": "short",
              "label": null,
              "logBase": 1,
              "max": null,
              "min": null,
              "show": true
            }
          ],
          "yaxis": {
            "align": false,
            "alignLevel": null
          }
        }
      ],
      "title": "Disk details",
      "type": "row"
    },
    {
      "collapsed": true,
      "datasource": "${DS_CLOUDWATCH}",
      "gridPos": {
        "h": 1,
        "w": 24,
        "x": 0,
        "y": 20
      },
      "id": 26,
      "panels": [
        {
          "aliasColors": {},
          "bars": false,
          "dashLength": 10,
          "dashes": false,
          "datasource": "$datasource",
          "description": "",
          "fill": 1,
          "fillGradient": 0,
          "gridPos": {
            "h": 6,
            "w": 24,
            "x": 0,
            "y": 58
          },
          "hiddenSeries": false,
          "id": 10,
          "legend": {
            "alignAsTable": false,
            "avg": false,
            "current": false,
            "max": false,
            "min": false,
            "rightSide": true,
            "show": true,
            "total": false,
            "values": false
          },
          "lines": true,
          "linewidth": 1,
          "nullPointMode": "connected",
          "options": {
            "dataLinks": []
          },
          "percentage": false,
          "pointradius": 2,
          "points": false,
          "renderer": "flot",
          "seriesOverrides": [],
          "spaceLength": 10,
          "stack": false,
          "steppedLine": true,
          "targets": [
            {
              "alias": "",
              "dimensions": {
                "InstanceId": "*"
              },
              "expression": "",
              "id": "",
              "matchExact": true,
              "metricName": "StatusCheckFailed",
              "namespace": "AWS/EC2",
              "period": "$period",
              "refId": "A",
              "region": "$region",
              "statistics": [
                "Sum"
              ]
            }
          ],
          "thresholds": [],
          "timeFrom": null,
          "timeRegions": [],
          "timeShift": null,
          "title": "Status check failed [Sum]",
          "tooltip": {
            "shared": true,
            "sort": 0,
            "value_type": "individual"
          },
          "type": "graph",
          "xaxis": {
            "buckets": null,
            "mode": "time",
            "name": null,
            "show": true,
            "values": []
          },
          "yaxes": [
            {
              "format": "short",
              "label": null,
              "logBase": 1,
              "max": null,
              "min": "0",
              "show": true
            },
            {
              "format": "short",
              "label": null,
              "logBase": 1,
              "max": null,
              "min": null,
              "show": true
            }
          ],
          "yaxis": {
            "align": false,
            "alignLevel": null
          }
        },
        {
          "aliasColors": {},
          "bars": false,
          "dashLength": 10,
          "dashes": false,
          "datasource": "$datasource",
          "description": "",
          "fill": 1,
          "fillGradient": 0,
          "gridPos": {
            "h": 6,
            "w": 24,
            "x": 0,
            "y": 64
          },
          "hiddenSeries": false,
          "id": 27,
          "legend": {
            "alignAsTable": false,
            "avg": false,
            "current": false,
            "max": false,
            "min": false,
            "rightSide": true,
            "show": true,
            "total": false,
            "values": false
          },
          "lines": true,
          "linewidth": 1,
          "nullPointMode": "connected",
          "options": {
            "dataLinks": []
          },
          "percentage": false,
          "pointradius": 2,
          "points": false,
          "renderer": "flot",
          "seriesOverrides": [],
          "spaceLength": 10,
          "stack": false,
          "steppedLine": true,
          "targets": [
            {
              "alias": "",
              "dimensions": {
                "InstanceId": "*"
              },
              "expression": "",
              "id": "",
              "matchExact": true,
              "metricName": "StatusCheckFailed",
              "namespace": "AWS/EC2",
              "period": "$period",
              "refId": "A",
              "region": "$region",
              "statistics": [
                "Sum"
              ]
            }
          ],
          "thresholds": [],
          "timeFrom": null,
          "timeRegions": [],
          "timeShift": null,
          "title": "Instance status check failed [Sum]",
          "tooltip": {
            "shared": true,
            "sort": 0,
            "value_type": "individual"
          },
          "type": "graph",
          "xaxis": {
            "buckets": null,
            "mode": "time",
            "name": null,
            "show": true,
            "values": []
          },
          "yaxes": [
            {
              "format": "short",
              "label": null,
              "logBase": 1,
              "max": null,
              "min": "0",
              "show": true
            },
            {
              "format": "short",
              "label": null,
              "logBase": 1,
              "max": null,
              "min": null,
              "show": true
            }
          ],
          "yaxis": {
            "align": false,
            "alignLevel": null
          }
        },
        {
          "aliasColors": {},
          "bars": false,
          "dashLength": 10,
          "dashes": false,
          "datasource": "$datasource",
          "description": "",
          "fill": 1,
          "fillGradient": 0,
          "gridPos": {
            "h": 6,
            "w": 24,
            "x": 0,
            "y": 70
          },
          "hiddenSeries": false,
          "id": 28,
          "legend": {
            "alignAsTable": false,
            "avg": false,
            "current": false,
            "max": false,
            "min": false,
            "rightSide": true,
            "show": true,
            "total": false,
            "values": false
          },
          "lines": true,
          "linewidth": 1,
          "nullPointMode": "connected",
          "options": {
            "dataLinks": []
          },
          "percentage": false,
          "pointradius": 2,
          "points": false,
          "renderer": "flot",
          "seriesOverrides": [],
          "spaceLength": 10,
          "stack": false,
          "steppedLine": true,
          "targets": [
            {
              "alias": "",
              "dimensions": {
                "InstanceId": "*"
              },
              "expression": "",
              "id": "",
              "matchExact": true,
              "metricName": "StatusCheckFailed",
              "namespace": "AWS/EC2",
              "period": "$period",
              "refId": "A",
              "region": "$region",
              "statistics": [
                "Sum"
              ]
            }
          ],
          "thresholds": [],
          "timeFrom": null,
          "timeRegions": [],
          "timeShift": null,
          "title": "System status check failed [Sum]",
          "tooltip": {
            "shared": true,
            "sort": 0,
            "value_type": "individual"
          },
          "type": "graph",
          "xaxis": {
            "buckets": null,
            "mode": "time",
            "name": null,
            "show": true,
            "values": []
          },
          "yaxes": [
            {
              "format": "short",
              "label": null,
              "logBase": 1,
              "max": null,
              "min": "0",
              "show": true
            },
            {
              "format": "short",
              "label": null,
              "logBase": 1,
              "max": null,
              "min": null,
              "show": true
            }
          ],
          "yaxis": {
            "align": false,
            "alignLevel": null
          }
        }
      ],
      "title": "Status Checks",
      "type": "row"
    },
    {
      "collapsed": false,
      "datasource": "${DS_CLOUDWATCH}",
      "gridPos": {
        "h": 1,
        "w": 24,
        "x": 0,
        "y": 21
      },
      "id": 32,
      "panels": [],
      "title": "Information",
      "type": "row"
    },
    {
      "content": "For more information about avaialble metrics from Amazon EC2, visit the [List of Available CloudWatch Metrics for Your EC2 Instances](https://docs.aws.amazon.com/AWSEC2/latest/UserGuide/viewing_metrics_with_cloudwatch.html) in the Amazon documentation.\n\nFor additional metrics and 1-minute granularity, enable [Detailed Monitoring](https://docs.aws.amazon.com/AWSEC2/latest/UserGuide/using-cloudwatch-new.html) for your Amazon EC2 instances.\n\nThis dashboard has been optimized for 1-minute metrics.",
      "datasource": "${DS_CLOUDWATCH}",
      "gridPos": {
        "h": 4,
        "w": 24,
        "x": 0,
        "y": 22
      },
      "id": 34,
      "mode": "markdown",
      "options": {},
      "targets": [
        {
          "alias": "",
          "dimensions": {},
          "expression": "",
          "id": "",
          "matchExact": true,
          "metricName": "",
          "namespace": "",
          "refId": "A",
          "region": "default",
          "statistics": [
            "Average"
          ]
        }
      ],
      "timeFrom": null,
      "timeShift": null,
      "title": " ",
      "type": "text"
    }
  ],
  "refresh": false,
  "schemaVersion": 21,
  "style": "dark",
  "tags": [
    "Amazon",
    "AWS",
    "CloudWatch",
    "EC2"
  ],
  "templating": {
    "list": [
      {
        "current": {
          "text": "default",
          "value": "default"
        },
        "hide": 0,
        "includeAll": false,
        "label": "Data source",
        "multi": false,
        "name": "datasource",
        "options": [],
        "query": "cloudwatch",
        "refresh": 1,
        "regex": "",
        "skipUrlSync": false,
        "type": "datasource"
      },
      {
        "allValue": null,
        "current": {},
        "datasource": "$datasource",
        "definition": "regions()",
        "hide": 0,
        "includeAll": false,
        "label": "Region",
        "multi": false,
        "name": "region",
        "options": [],
        "query": "regions()",
        "refresh": 1,
        "regex": "",
        "skipUrlSync": false,
        "sort": 0,
        "tagValuesQuery": "",
        "tags": [],
        "tagsQuery": "",
        "type": "query",
        "useTags": false
      },
      {
        "allValue": null,
        "current": {
          "selected": true,
          "tags": [],
          "text": "300",
          "value": "300"
        },
        "hide": 0,
        "includeAll": false,
        "label": "Period [sec]",
        "multi": false,
        "name": "period",
        "options": [
          {
            "selected": false,
            "text": "60",
            "value": "60"
          },
          {
            "selected": false,
            "text": "300",
            "value": "300"
          },
          {
            "selected": true,
            "text": "3600",
            "value": "3600"
          }
        ],
        "query": "60,300,3600",
        "skipUrlSync": false,
        "type": "custom"
      }
    ]
  },
  "time": {
    "from": "now-6h",
    "to": "now"
  },
  "timepicker": {
    "refresh_intervals": [
      "5s",
      "10s",
      "30s",
      "1m",
      "5m",
      "15m",
      "30m",
      "1h",
      "2h",
      "1d"
    ]
  },
  "timezone": "",
  "title": "Amazon EC2",
  "uid": "tmsOtSxZk",
  "version": 1
}